Тип;Ник;Число;Дата;
0;Одержать 1500 побед на арене.;0;03.01.2023;
1;-Brain-;38;03.01.2023;
1;DIMolition;11;03.01.2023;
1;Очень синяя борода;9;03.01.2023;
1;Kseya;17;03.01.2023;
1;бешка-бебешка_;88;03.01.2023;
1;barantya;9;03.01.2023;
1;walmau 6altau;100;03.01.2023;
1;T@nk;108;03.01.2023;
1;Макыс;42;03.01.2023;
1;Jah Mason;2;03.01.2023;
1;Ice flame;29;03.01.2023;
1;DomInatoR.;22;03.01.2023;
1;Bravan;68;03.01.2023;
1;Chokkolatta;7;03.01.2023;
1;Knowhere;16;03.01.2023;
1;Ruslan);46;03.01.2023;
1;Димсонхрендель;6;03.01.2023;
1;ASCENDANT;65;03.01.2023;
1;DYNA;5;03.01.2023;
1;Катберт;61;03.01.2023;
1;Тудор;77;03.01.2023;
1;*МАРТИНА*;1;03.01.2023;
1;~КоВбоЙ ХаГиС~;5;03.01.2023;
1;~DROSSEL~;45;03.01.2023;
1;THE MECHANIC;12;03.01.2023;
1;К@манчик;21;03.01.2023;
1;Fon Dorf;98;03.01.2023;
1;DambLDoR;77;03.01.2023;
1;BarDuck;14;03.01.2023;
1;Mental1tet;26;03.01.2023;
1;GoldGirl.;26;03.01.2023;
1;d_MIX_b;29;03.01.2023;
1;zabu;51;03.01.2023;
1;*Kronos*;11;03.01.2023;
1;**SUPERHelen**;61;03.01.2023;
1;~Мальвина~;8;03.01.2023;
1;Зверь Это Я;31;03.01.2023;
1;dodid;40;03.01.2023;
1;NeXTY;19;03.01.2023;
1;~Цветанка~;6;03.01.2023;
1;Katolik;12;03.01.2023;
1;метрономикс;15;03.01.2023;
1;Sollia;20;03.01.2023;
1;~Бармалей~;9;03.01.2023;
1;Бродвей;30;03.01.2023;
1;StasLz42;91;03.01.2023;
1;Kerberos;44;03.01.2023;
1;Pyrojok;18;03.01.2023;
1;DominosZ;51;03.01.2023;
1;Bape}||{ka;13;03.01.2023;
